PTS_home,PTS_away,FG_PCT_home,FT_PCT_home,FG3_PCT_home,AST_home,REB_home,FG_PCT_away,FT_PCT_away,FG3_PCT_away,AST_away,REB_away,HOME_TEAM_WINS
112.41379310344827,111.4074074074074,0.4561034482758622,0.8026551724137932,0.3712413793103449,24.96551724137931,46.41379310344828,0.43262962962962953,0.7624444444444444,0.3322222222222222,24.444444444444443,48.407407407407405,1
112.34482758620689,114.92307692307692,0.48758620689655174,0.7678620689655173,0.3534137931034483,27.517241379310345,43.62068965517241,0.484,0.7818076923076924,0.3851923076923077,22.76923076923077,44.46153846153846,0
115.46666666666667,107.67857142857143,0.47496666666666676,0.7853333333333332,0.37553333333333344,24.266666666666666,44.63333333333333,0.44721428571428573,0.7437857142857143,0.35146428571428573,24.428571428571427,44.82142857142857,1
116.76,114.93333333333334,0.46784,0.7859199999999998,0.39000000000000007,24.72,47.64,0.4593666666666666,0.7801333333333333,0.3638666666666667,24.1,47.8,0
119.4074074074074,110.06666666666666,0.47962962962962974,0.7426296296296295,0.37018518518518523,26.925925925925927,51.592592592592595,0.45476666666666676,0.7644666666666667,0.36,24.433333333333334,43.333333333333336,0
110.62962962962963,107.5,0.48207407407407415,0.7734444444444444,0.3632222222222223,26.85185185185185,42.74074074074074,0.4543666666666668,0.788,0.3609,24.1,43.46666666666667,0
116.81481481481481,109.42857142857143,0.44885185185185184,0.7762962962962965,0.3354814814814815,22.074074074074073,44.407407407407405,0.46246428571428577,0.7797142857142857,0.3531785714285714,21.142857142857142,43.17857142857143,1
115.34615384615384,111.85185185185185,0.48223076923076935,0.7298846153846152,0.35150000000000003,25.576923076923077,46.5,0.4580000000000001,0.7868518518518519,0.3452592592592593,20.25925925925926,42.81481481481482,0
