PTS_home,PTS_away,FG_PCT_home,FT_PCT_home,FG3_PCT_home,AST_home,REB_home,FG_PCT_away,FT_PCT_away,FG3_PCT_away,AST_away,REB_away,HOME_TEAM_WINS
107.4,116.5,0.4423,0.7848,0.3597,24.0,48.0,0.44799999999999995,0.7586999999999999,0.3347,25.9,46.2,1
112.1,112.6,0.49399999999999994,0.7583,0.3609,28.5,45.2,0.4774999999999999,0.7915000000000001,0.3572,23.4,44.1,0
111.8,115.0,0.4486,0.7695,0.34890000000000004,24.0,45.2,0.4723,0.736,0.41080000000000005,25.5,44.7,1
116.4,112.4,0.46299999999999997,0.8119999999999999,0.382,23.7,46.8,0.45990000000000003,0.7779,0.325,23.5,45.7,0
118.1,115.2,0.4655,0.7928,0.34640000000000004,26.5,51.4,0.4779,0.8113999999999999,0.358,25.5,43.8,0
112.8,109.5,0.49479999999999996,0.8153,0.39300000000000007,26.8,44.1,0.4449000000000001,0.8048,0.35050000000000003,25.1,43.5,0
116.1,106.1,0.4473000000000001,0.8233,0.3283,22.5,39.8,0.44749999999999995,0.7403000000000002,0.33690000000000003,20.8,40.4,1
111.5,117.3,0.4617,0.7222000000000001,0.3342,23.0,44.7,0.4760999999999999,0.8236000000000001,0.3689,22.4,42.6,0
